Row ID,Row Title,design
REQ-087,REQ-087 — Items inside verbatim blocks are not parsed,ARC-017: ARC-017 — Regex-based parsing
REQ-088,REQ-088 — Inline macros inside verbatim blocks are not parsed,ARC-017: ARC-017 — Regex-based parsing
REQ-090,REQ-090 — Verbatim block detection handles standard AsciiDoc fences,ARC-017: ARC-017 — Regex-based parsing
REQ-091,REQ-091 — Inline macros inside verbatim blocks are preserved in rendered output,ARC-017: ARC-017 — Regex-based parsing
REQ-092,REQ-092 — Inline macros inside backtick code spans are not parsed,ARC-017: ARC-017 — Regex-based parsing
REQ-110,REQ-110 — Items defined in partials are processed,ARC-029: ARC-029 — Partial file processing with source-repo links
REQ-128,REQ-128 — Matrix links include module path for module-aware items,
REQ-037,REQ-037 — Matrix displays row items as clickable links,ARC-021: ARC-021 — Path resolution for matrix-to-item links
REQ-038,REQ-038 — Matrix displays cell items as clickable links,ARC-021: ARC-021 — Path resolution for matrix-to-item links
REQ-039,REQ-039 — Links include source file tooltip,ARC-021: ARC-021 — Path resolution for matrix-to-item links
REQ-040,REQ-040 — Link generation is context-aware,ARC-021: ARC-021 — Path resolution for matrix-to-item links
REQ-041,REQ-041 — Source file paths are normalized,ARC-021: ARC-021 — Path resolution for matrix-to-item links
REQ-042,REQ-042 — Backward compatibility without LinkResolver,ARC-021: ARC-021 — Path resolution for matrix-to-item links
REQ-043,REQ-043 — Non-HTML matrix outputs unchanged,ARC-021: ARC-021 — Path resolution for matrix-to-item links
REQ-083,REQ-083 — Preset defines pairwise requirements-to-design matrix,ARC-019: ARC-019 — Config-driven matrix generation with coverage calculations
REQ-084,REQ-084 — Preset defines pairwise design-to-implementation matrix,ARC-019: ARC-019 — Config-driven matrix generation with coverage calculations
REQ-085,REQ-085 — Preset defines pairwise requirements-to-tests matrix,ARC-019: ARC-019 — Config-driven matrix generation with coverage calculations
REQ-086,REQ-086 — Preset does not define wide multi-column matrices,ARC-019: ARC-019 — Config-driven matrix generation with coverage calculations
REQ-044,REQ-044 — traceability:outgoing[] macro renders outgoing links,ARC-024: ARC-024 — traceability:links[] and traceability:incoming[] link rendering
REQ-045,REQ-045 — Opt-in via AsciiDoc attribute,ARC-024: ARC-024 — traceability:links[] and traceability:incoming[] link rendering
REQ-047,REQ-047 — Configurable display style,ARC-024: ARC-024 — traceability:links[] and traceability:incoming[] link rendering
REQ-048,REQ-048 — Configurable sort order,ARC-024: ARC-024 — traceability:links[] and traceability:incoming[] link rendering
REQ-050,REQ-050 — Source file not modified,ARC-015: ARC-015 — In-memory processing with no side effects
REQ-100,REQ-100 — Inline macros suppressed when links macros are active,ARC-024: ARC-024 — traceability:links[] and traceability:incoming[] link rendering
REQ-101,REQ-101 — PDF compatibility,ARC-024: ARC-024 — traceability:links[] and traceability:incoming[] link rendering
REQ-102,REQ-102 — Collapsible list-style output via document attribute,ARC-024: ARC-024 — traceability:links[] and traceability:incoming[] link rendering
REQ-103,REQ-103 — Graph isolation per component version,ARC-016: ARC-016 — Event-driven Antora integration
REQ-104,REQ-104 — traceability:links[] macro renders combined outgoing and incoming links,ARC-024: ARC-024 — traceability:links[] and traceability:incoming[] link rendering
REQ-055,REQ-055 — traceability:incoming[] macro renders incoming links,ARC-024: ARC-024 — traceability:links[] and traceability:incoming[] link rendering
REQ-064,REQ-064 — Incoming macro respects document attributes,ARC-024: ARC-024 — traceability:links[] and traceability:incoming[] link rendering
REQ-065,REQ-065 — Incoming macro display styles,ARC-024: ARC-024 — traceability:links[] and traceability:incoming[] link rendering
REQ-066,REQ-066 — Incoming macro sort order,ARC-024: ARC-024 — traceability:links[] and traceability:incoming[] link rendering
REQ-067,REQ-067 — Inverse relation type labels,ARC-024: ARC-024 — traceability:links[] and traceability:incoming[] link rendering
REQ-068,REQ-068 — Incoming macro PDF compatibility,ARC-024: ARC-024 — traceability:links[] and traceability:incoming[] link rendering
REQ-069,REQ-069 — Source file not modified by incoming macro,ARC-015: ARC-015 — In-memory processing with no side effects
REQ-070,REQ-070 — Incoming macro supports collapsible output,ARC-024: ARC-024 — traceability:links[] and traceability:incoming[] link rendering
REQ-071,REQ-071 — Inverse labels are config-driven,ARC-018: ARC-018 — Config-driven validation
REQ-051,REQ-051 — Relationship graph via traceability:graph[] macro,ARC-025: ARC-025 — traceability:graph[] and traceability:graph-coverage[] visualization macros
REQ-052,REQ-052 — Coverage chart via traceability:graph-coverage[] macro,ARC-025: ARC-025 — traceability:graph[] and traceability:graph-coverage[] visualization macros
REQ-053,REQ-053 — Graph visualization methods on TraceabilityGraph,ARC-026: ARC-026 — GraphViz DOT and Vega-Lite serialization methods
REQ-054,REQ-054 — Dashboard page in example site,ARC-033: ARC-033 — Example site: config extension and dashboard patterns
REQ-063,REQ-063 — Configurable Kroki image format,ARC-025: ARC-025 — traceability:graph[] and traceability:graph-coverage[] visualization macros
REQ-109,REQ-109 — Circular reference detection in graph validation,ARC-028: ARC-028 — Circular reference detection in graph validation
REQ-129,REQ-129 — Bidirectional relationship pairs are merged into a single edge,
REQ-056,REQ-056 — CLI next-id command returns next available ID,ARC-023: ARC-023 — Commander-based CLI with subcommands
REQ-136,REQ-136 — CLI exposes a query subcommand,
REQ-137,REQ-137 — query reverse — find all items that point at a given ID,
REQ-138,REQ-138 — query impact — find all items connected to a given ID,
REQ-139,REQ-139 — query orphaned — find items with no relationships,
REQ-140,REQ-140 — query path — find the shortest path between two items,
REQ-141,REQ-141 — JSON output flag,
REQ-093,REQ-093 — Devbox provides Ruby and Node.js for PDF builds,ARC-030: ARC-030 — CI/CD PDF build and deployment pipeline
REQ-094,REQ-094 — Gemfile locks asciidoctor-pdf version,ARC-030: ARC-030 — CI/CD PDF build and deployment pipeline
REQ-095,REQ-095 — PDF playbook generates PDF from example site,ARC-030: ARC-030 — CI/CD PDF build and deployment pipeline
REQ-096,REQ-096 — PDF extension is a dev dependency,ARC-030: ARC-030 — CI/CD PDF build and deployment pipeline
REQ-097,REQ-097 — Assembler profiles produce separate PDFs per document,ARC-030: ARC-030 — CI/CD PDF build and deployment pipeline
REQ-098,REQ-098 — Custom nav files select single documents,ARC-030: ARC-030 — CI/CD PDF build and deployment pipeline
REQ-099,REQ-099 — Single-PDF output is preserved,ARC-030: ARC-030 — CI/CD PDF build and deployment pipeline
REQ-123,REQ-123 — Architecture document includes class-level API diagram,
REQ-124,REQ-124 — Architecture document includes DocumentParser activity diagram,
REQ-125,REQ-125 — Architecture document includes TraceabilityGraph state diagram,
REQ-126,REQ-126 — Architecture document includes PreparedFile caching flow diagram,
REQ-127,REQ-127 — update-example-site skill includes diagram checklist,
REQ-060,REQ-060 — Pages workflow generates PDFs,ARC-030: ARC-030 — CI/CD PDF build and deployment pipeline
REQ-061,REQ-061 — Site links to PDF downloads,ARC-030: ARC-030 — CI/CD PDF build and deployment pipeline
REQ-062,REQ-062 — Local PDF workflow is unchanged,ARC-030: ARC-030 — CI/CD PDF build and deployment pipeline
REQ-108,REQ-108 — Matrix files registered in the content catalog,ARC-027: ARC-027 — Matrix registration in the content catalog
REQ-072,REQ-072 — Landing page at GitHub Pages root,ARC-031: ARC-031 — Static landing page at GitHub Pages root
REQ-073,REQ-073 — Two-persona feature presentation,ARC-031: ARC-031 — Static landing page at GitHub Pages root
REQ-074,REQ-074 — Traceability visualization preview,ARC-031: ARC-031 — Static landing page at GitHub Pages root
REQ-075,REQ-075 — Deployment integration,ARC-031: ARC-031 — Static landing page at GitHub Pages root
REQ-076,REQ-076 — Minimal tooling,ARC-031: ARC-031 — Static landing page at GitHub Pages root
REQ-077,REQ-077 — Landing page uses conemso color palette,ARC-031: ARC-031 — Static landing page at GitHub Pages root
REQ-078,REQ-078 — Landing page uses Roboto font,ARC-031: ARC-031 — Static landing page at GitHub Pages root
REQ-079,REQ-079 — Non-heading elements with IDs are indexed as navigable anchors,ARC-032: ARC-032 — Lunr search extension customization for item anchor indexing
REQ-080,REQ-080 — Item title is extracted from `.title` child element,ARC-032: ARC-032 — Lunr search extension customization for item anchor indexing
REQ-081,REQ-081 — Heading elements are excluded from item indexing,ARC-032: ARC-032 — Lunr search extension customization for item anchor indexing
REQ-082,REQ-082 — Item indexing is scoped to article body,ARC-032: ARC-032 — Lunr search extension customization for item anchor indexing
REQ-105,REQ-105 — Use-case role extends self-traceability preset,ARC-033: ARC-033 — Example site: config extension and dashboard patterns
REQ-106,REQ-106 — Use-case page renders with traceability links,ARC-033: ARC-033 — Example site: config extension and dashboard patterns
REQ-107,REQ-107 — usecase-requirements matrix is generated,ARC-033: ARC-033 — Example site: config extension and dashboard patterns
REQ-111,REQ-111 — File state is prepared once per file,
REQ-112,REQ-112 — PreparedFile carries all needed state,
REQ-113,REQ-113 — Matrix template uses partials for structure,
REQ-114,REQ-114 — Dead design-matrix template is removed,
REQ-115,REQ-115 — Dead MatrixGenerator methods are removed,
REQ-116,REQ-116 — Items carry component and module context from Antora,
REQ-117,REQ-117 — Cross-module and cross-component xref includes correct prefix,
REQ-118,REQ-118 — Matrix links include module path when available,
REQ-119,REQ-119 — Cross-module and cross-component xref resolution,
REQ-130,REQ-130 — LinkResolver produces indexify-aware links,
REQ-120,REQ-120 — Process requirements are traceable to product requirements,
REQ-121,REQ-121 — Process requirements document follows site conventions,
REQ-122,REQ-122 — Process-to-product matrix exists,
REQ-131,REQ-131 — DOCX wrapper script converts assembled AsciiDoc to DOCX,
REQ-132,REQ-132 — DOCX assembler configs mirror PDF assembler configs,
REQ-133,REQ-133 — PDF playbook includes DOCX assembler configurations,
REQ-134,REQ-134 — pandoc is available in the build environment,
REQ-135,REQ-135 — DOCX output format is documented,
QA-055,QA-055 — Zero operational overhead,ARC-016: ARC-016 — Event-driven Antora integration; ARC-013: ARC-013 — ESM module system
QA-056,QA-056 — Configurable without code changes,ARC-018: ARC-018 — Config-driven validation
QA-057,QA-057 — Fail-fast with clear diagnostics,ARC-018: ARC-018 — Config-driven validation
QA-058,QA-058 — No side effects on source files,ARC-015: ARC-015 — In-memory processing with no side effects
QA-059,QA-059 — Testability by design,ARC-014: ARC-014 — Dependency injection by constructor
QA-060,QA-060 — PDF compatibility of generated output,ARC-024: ARC-024 — traceability:links[] and traceability:incoming[] link rendering
QA-061,QA-061 — Platform stability and longevity,
QA-062,QA-062 — Query and indexing performance,

Total 107 rows
Coverage: 69.2%