id,source,target,type,sourceFile,bidirectional
UC-001-leads_to-REQ-056,UC-001,REQ-056,leads_to,self-traceability/use-cases.adoc,false
UC-001-leads_to-REQ-087,UC-001,REQ-087,leads_to,self-traceability/use-cases.adoc,false
UC-001-leads_to-REQ-088,UC-001,REQ-088,leads_to,self-traceability/use-cases.adoc,false
UC-001-leads_to-REQ-090,UC-001,REQ-090,leads_to,self-traceability/use-cases.adoc,false
UC-001-leads_to-REQ-091,UC-001,REQ-091,leads_to,self-traceability/use-cases.adoc,false
UC-001-leads_to-REQ-092,UC-001,REQ-092,leads_to,self-traceability/use-cases.adoc,false
UC-001-leads_to-REQ-044,UC-001,REQ-044,leads_to,self-traceability/use-cases.adoc,false
UC-001-leads_to-REQ-045,UC-001,REQ-045,leads_to,self-traceability/use-cases.adoc,false
UC-001-leads_to-REQ-047,UC-001,REQ-047,leads_to,self-traceability/use-cases.adoc,false
UC-001-leads_to-REQ-048,UC-001,REQ-048,leads_to,self-traceability/use-cases.adoc,false
UC-001-leads_to-REQ-055,UC-001,REQ-055,leads_to,self-traceability/use-cases.adoc,false
UC-001-leads_to-REQ-064,UC-001,REQ-064,leads_to,self-traceability/use-cases.adoc,false
UC-001-leads_to-REQ-065,UC-001,REQ-065,leads_to,self-traceability/use-cases.adoc,false
UC-001-leads_to-REQ-066,UC-001,REQ-066,leads_to,self-traceability/use-cases.adoc,false
UC-001-leads_to-REQ-067,UC-001,REQ-067,leads_to,self-traceability/use-cases.adoc,false
UC-001-leads_to-REQ-070,UC-001,REQ-070,leads_to,self-traceability/use-cases.adoc,false
UC-001-leads_to-REQ-100,UC-001,REQ-100,leads_to,self-traceability/use-cases.adoc,false
UC-001-leads_to-REQ-102,UC-001,REQ-102,leads_to,self-traceability/use-cases.adoc,false
UC-001-leads_to-REQ-249,UC-001,REQ-249,leads_to,self-traceability/use-cases.adoc,false
UC-001-leads_to-REQ-104,UC-001,REQ-104,leads_to,self-traceability/use-cases.adoc,false
UC-001-leads_to-REQ-116,UC-001,REQ-116,leads_to,self-traceability/use-cases.adoc,false
UC-001-leads_to-REQ-117,UC-001,REQ-117,leads_to,self-traceability/use-cases.adoc,false
UC-001-leads_to-REQ-119,UC-001,REQ-119,leads_to,self-traceability/use-cases.adoc,false
UC-001-leads_to-REQ-146,UC-001,REQ-146,leads_to,self-traceability/use-cases.adoc,false
UC-001-leads_to-REQ-161,UC-001,REQ-161,leads_to,self-traceability/use-cases.adoc,false
UC-001-leads_to-REQ-162,UC-001,REQ-162,leads_to,self-traceability/use-cases.adoc,false
UC-001-leads_to-REQ-163,UC-001,REQ-163,leads_to,self-traceability/use-cases.adoc,false
UC-001-leads_to-REQ-164,UC-001,REQ-164,leads_to,self-traceability/use-cases.adoc,false
UC-001-leads_to-REQ-165,UC-001,REQ-165,leads_to,self-traceability/use-cases.adoc,false
UC-001-leads_to-REQ-166,UC-001,REQ-166,leads_to,self-traceability/use-cases.adoc,false
UC-001-leads_to-REQ-221,UC-001,REQ-221,leads_to,self-traceability/use-cases.adoc,false
UC-001-leads_to-REQ-222,UC-001,REQ-222,leads_to,self-traceability/use-cases.adoc,false
UC-002-leads_to-REQ-086,UC-002,REQ-086,leads_to,self-traceability/use-cases.adoc,false
UC-002-leads_to-REQ-170,UC-002,REQ-170,leads_to,self-traceability/use-cases.adoc,false
UC-002-leads_to-REQ-171,UC-002,REQ-171,leads_to,self-traceability/use-cases.adoc,false
UC-002-leads_to-REQ-172,UC-002,REQ-172,leads_to,self-traceability/use-cases.adoc,false
UC-002-leads_to-REQ-173,UC-002,REQ-173,leads_to,self-traceability/use-cases.adoc,false
UC-002-leads_to-REQ-175,UC-002,REQ-175,leads_to,self-traceability/use-cases.adoc,false
UC-002-leads_to-REQ-176,UC-002,REQ-176,leads_to,self-traceability/use-cases.adoc,false
UC-002-leads_to-REQ-177,UC-002,REQ-177,leads_to,self-traceability/use-cases.adoc,false
UC-002-leads_to-REQ-178,UC-002,REQ-178,leads_to,self-traceability/use-cases.adoc,false
UC-002-leads_to-REQ-223,UC-002,REQ-223,leads_to,self-traceability/use-cases.adoc,false
UC-002-leads_to-REQ-224,UC-002,REQ-224,leads_to,self-traceability/use-cases.adoc,false
UC-004-leads_to-REQ-110,UC-004,REQ-110,leads_to,self-traceability/use-cases.adoc,false
UC-004-leads_to-REQ-144,UC-004,REQ-144,leads_to,self-traceability/use-cases.adoc,false
UC-004-leads_to-REQ-145,UC-004,REQ-145,leads_to,self-traceability/use-cases.adoc,false
UC-005-leads_to-REQ-037,UC-005,REQ-037,leads_to,self-traceability/use-cases.adoc,false
UC-005-leads_to-REQ-038,UC-005,REQ-038,leads_to,self-traceability/use-cases.adoc,false
UC-005-leads_to-REQ-039,UC-005,REQ-039,leads_to,self-traceability/use-cases.adoc,false
UC-005-leads_to-REQ-250,UC-005,REQ-250,leads_to,self-traceability/use-cases.adoc,false
UC-005-leads_to-REQ-041,UC-005,REQ-041,leads_to,self-traceability/use-cases.adoc,false
UC-005-leads_to-REQ-042,UC-005,REQ-042,leads_to,self-traceability/use-cases.adoc,false
UC-005-leads_to-REQ-043,UC-005,REQ-043,leads_to,self-traceability/use-cases.adoc,false
UC-005-leads_to-REQ-108,UC-005,REQ-108,leads_to,self-traceability/use-cases.adoc,false
UC-005-leads_to-REQ-113,UC-005,REQ-113,leads_to,self-traceability/use-cases.adoc,false
UC-005-leads_to-REQ-128,UC-005,REQ-128,leads_to,self-traceability/use-cases.adoc,false
UC-005-leads_to-REQ-130,UC-005,REQ-130,leads_to,self-traceability/use-cases.adoc,false
UC-005-leads_to-REQ-167,UC-005,REQ-167,leads_to,self-traceability/use-cases.adoc,false
UC-005-leads_to-REQ-168,UC-005,REQ-168,leads_to,self-traceability/use-cases.adoc,false
UC-005-leads_to-REQ-169,UC-005,REQ-169,leads_to,self-traceability/use-cases.adoc,false
UC-006-leads_to-REQ-083,UC-006,REQ-083,leads_to,self-traceability/use-cases.adoc,false
UC-006-leads_to-REQ-084,UC-006,REQ-084,leads_to,self-traceability/use-cases.adoc,false
UC-006-leads_to-REQ-085,UC-006,REQ-085,leads_to,self-traceability/use-cases.adoc,false
UC-007-leads_to-REQ-109,UC-007,REQ-109,leads_to,self-traceability/use-cases.adoc,false
UC-007-leads_to-REQ-111,UC-007,REQ-111,leads_to,self-traceability/use-cases.adoc,false
UC-007-leads_to-REQ-112,UC-007,REQ-112,leads_to,self-traceability/use-cases.adoc,false
UC-007-leads_to-REQ-150,UC-007,REQ-150,leads_to,self-traceability/use-cases.adoc,false
UC-007-leads_to-REQ-219,UC-007,REQ-219,leads_to,self-traceability/use-cases.adoc,false
UC-007-leads_to-REQ-220,UC-007,REQ-220,leads_to,self-traceability/use-cases.adoc,false
UC-009-leads_to-REQ-051,UC-009,REQ-051,leads_to,self-traceability/use-cases.adoc,false
UC-009-leads_to-REQ-052,UC-009,REQ-052,leads_to,self-traceability/use-cases.adoc,false
UC-009-leads_to-REQ-053,UC-009,REQ-053,leads_to,self-traceability/use-cases.adoc,false
UC-009-leads_to-REQ-054,UC-009,REQ-054,leads_to,self-traceability/use-cases.adoc,false
UC-009-leads_to-REQ-063,UC-009,REQ-063,leads_to,self-traceability/use-cases.adoc,false
UC-009-leads_to-REQ-142,UC-009,REQ-142,leads_to,self-traceability/use-cases.adoc,false
UC-009-leads_to-REQ-143,UC-009,REQ-143,leads_to,self-traceability/use-cases.adoc,false
UC-009-leads_to-REQ-159,UC-009,REQ-159,leads_to,self-traceability/use-cases.adoc,false
UC-009-leads_to-REQ-160,UC-009,REQ-160,leads_to,self-traceability/use-cases.adoc,false
UC-010-leads_to-REQ-136,UC-010,REQ-136,leads_to,self-traceability/use-cases.adoc,false
UC-010-leads_to-REQ-137,UC-010,REQ-137,leads_to,self-traceability/use-cases.adoc,false
UC-010-leads_to-REQ-138,UC-010,REQ-138,leads_to,self-traceability/use-cases.adoc,false
UC-010-leads_to-REQ-139,UC-010,REQ-139,leads_to,self-traceability/use-cases.adoc,false
UC-010-leads_to-REQ-140,UC-010,REQ-140,leads_to,self-traceability/use-cases.adoc,false
UC-010-leads_to-REQ-141,UC-010,REQ-141,leads_to,self-traceability/use-cases.adoc,false
UC-010-leads_to-REQ-227,UC-010,REQ-227,leads_to,self-traceability/use-cases.adoc,false
UC-011-leads_to-REQ-056,UC-011,REQ-056,leads_to,self-traceability/use-cases.adoc,false
UC-012-leads_to-REQ-079,UC-012,REQ-079,leads_to,self-traceability/use-cases.adoc,false
UC-012-leads_to-REQ-080,UC-012,REQ-080,leads_to,self-traceability/use-cases.adoc,false
UC-012-leads_to-REQ-081,UC-012,REQ-081,leads_to,self-traceability/use-cases.adoc,false
UC-012-leads_to-REQ-082,UC-012,REQ-082,leads_to,self-traceability/use-cases.adoc,false
UC-013-leads_to-REQ-201,UC-013,REQ-201,leads_to,self-traceability/use-cases.adoc,false
UC-013-leads_to-REQ-202,UC-013,REQ-202,leads_to,self-traceability/use-cases.adoc,false
UC-013-leads_to-REQ-203,UC-013,REQ-203,leads_to,self-traceability/use-cases.adoc,false
UC-013-leads_to-REQ-228,UC-013,REQ-228,leads_to,self-traceability/use-cases.adoc,false
UC-013-leads_to-REQ-204,UC-013,REQ-204,leads_to,self-traceability/use-cases.adoc,false
UC-013-leads_to-REQ-205,UC-013,REQ-205,leads_to,self-traceability/use-cases.adoc,false
UC-013-leads_to-REQ-206,UC-013,REQ-206,leads_to,self-traceability/use-cases.adoc,false
UC-013-leads_to-REQ-207,UC-013,REQ-207,leads_to,self-traceability/use-cases.adoc,false
UC-013-leads_to-REQ-208,UC-013,REQ-208,leads_to,self-traceability/use-cases.adoc,false
UC-013-leads_to-REQ-209,UC-013,REQ-209,leads_to,self-traceability/use-cases.adoc,false
UC-013-leads_to-REQ-210,UC-013,REQ-210,leads_to,self-traceability/use-cases.adoc,false
UC-013-leads_to-REQ-211,UC-013,REQ-211,leads_to,self-traceability/use-cases.adoc,false
UC-013-leads_to-REQ-233,UC-013,REQ-233,leads_to,self-traceability/use-cases.adoc,false
UC-013-leads_to-REQ-234,UC-013,REQ-234,leads_to,self-traceability/use-cases.adoc,false
UC-013-leads_to-REQ-229,UC-013,REQ-229,leads_to,self-traceability/use-cases.adoc,false
UC-013-leads_to-REQ-230,UC-013,REQ-230,leads_to,self-traceability/use-cases.adoc,false
UC-013-leads_to-REQ-231,UC-013,REQ-231,leads_to,self-traceability/use-cases.adoc,false
UC-013-leads_to-REQ-232,UC-013,REQ-232,leads_to,self-traceability/use-cases.adoc,false
UC-013-leads_to-REQ-235,UC-013,REQ-235,leads_to,self-traceability/use-cases.adoc,false
UC-013-leads_to-REQ-236,UC-013,REQ-236,leads_to,self-traceability/use-cases.adoc,false
UC-013-leads_to-REQ-237,UC-013,REQ-237,leads_to,self-traceability/use-cases.adoc,false
UC-013-leads_to-REQ-238,UC-013,REQ-238,leads_to,self-traceability/use-cases.adoc,false
UC-013-leads_to-REQ-239,UC-013,REQ-239,leads_to,self-traceability/use-cases.adoc,false
UC-014-leads_to-REQ-212,UC-014,REQ-212,leads_to,self-traceability/use-cases.adoc,false
UC-014-leads_to-REQ-213,UC-014,REQ-213,leads_to,self-traceability/use-cases.adoc,false
UC-014-leads_to-REQ-214,UC-014,REQ-214,leads_to,self-traceability/use-cases.adoc,false
UC-014-leads_to-REQ-225,UC-014,REQ-225,leads_to,self-traceability/use-cases.adoc,false
UC-014-leads_to-REQ-226,UC-014,REQ-226,leads_to,self-traceability/use-cases.adoc,false
UC-014-leads_to-REQ-216,UC-014,REQ-216,leads_to,self-traceability/use-cases.adoc,false
UC-014-leads_to-REQ-217,UC-014,REQ-217,leads_to,self-traceability/use-cases.adoc,false
REQ-219-supersedes-REQ-129,REQ-219,REQ-129,supersedes,requirements.adoc,false
REQ-220-supersedes-REQ-129,REQ-220,REQ-129,supersedes,requirements.adoc,false
REQ-249-supersedes-REQ-103,REQ-249,REQ-103,supersedes,requirements.adoc,false
REQ-221-supersedes-REQ-071,REQ-221,REQ-071,supersedes,requirements.adoc,false
REQ-222-supersedes-REQ-071,REQ-222,REQ-071,supersedes,requirements.adoc,false
REQ-250-supersedes-REQ-040,REQ-250,REQ-040,supersedes,requirements.adoc,false
REQ-223-supersedes-REQ-174,REQ-223,REQ-174,supersedes,requirements.adoc,false
REQ-224-supersedes-REQ-174,REQ-224,REQ-174,supersedes,requirements.adoc,false
REQ-225-supersedes-REQ-215,REQ-225,REQ-215,supersedes,requirements.adoc,false
REQ-226-supersedes-REQ-215,REQ-226,REQ-215,supersedes,requirements.adoc,false
ARC-018-addresses-REQ-221,ARC-018,REQ-221,addresses,explanation/architecture.adoc,false
ARC-018-addresses-REQ-222,ARC-018,REQ-222,addresses,explanation/architecture.adoc,false
ARC-018-addresses-QA-056,ARC-018,QA-056,addresses,explanation/architecture.adoc,false
ARC-018-addresses-QA-057,ARC-018,QA-057,addresses,explanation/architecture.adoc,false
ARC-036-addresses-REQ-170,ARC-036,REQ-170,addresses,explanation/architecture.adoc,false
ARC-036-addresses-REQ-171,ARC-036,REQ-171,addresses,explanation/architecture.adoc,false
ARC-036-addresses-REQ-172,ARC-036,REQ-172,addresses,explanation/architecture.adoc,false
ARC-036-addresses-REQ-173,ARC-036,REQ-173,addresses,explanation/architecture.adoc,false
ARC-036-addresses-REQ-223,ARC-036,REQ-223,addresses,explanation/architecture.adoc,false
ARC-036-addresses-REQ-224,ARC-036,REQ-224,addresses,explanation/architecture.adoc,false
ARC-028-addresses-REQ-109,ARC-028,REQ-109,addresses,explanation/architecture.adoc,false
ARC-029-addresses-REQ-110,ARC-029,REQ-110,addresses,explanation/architecture.adoc,false
ARC-029-addresses-REQ-144,ARC-029,REQ-144,addresses,explanation/architecture.adoc,false
ARC-029-addresses-REQ-145,ARC-029,REQ-145,addresses,explanation/architecture.adoc,false
ARC-015-addresses-QA-058,ARC-015,QA-058,addresses,explanation/architecture.adoc,false
ARC-026-addresses-REQ-053,ARC-026,REQ-053,addresses,explanation/architecture.adoc,false
ARC-026-addresses-REQ-160,ARC-026,REQ-160,addresses,explanation/architecture.adoc,false
ARC-035-addresses-REQ-219,ARC-035,REQ-219,addresses,explanation/architecture.adoc,false
ARC-035-addresses-REQ-220,ARC-035,REQ-220,addresses,explanation/architecture.adoc,false
ARC-035-addresses-REQ-175,ARC-035,REQ-175,addresses,explanation/architecture.adoc,false
ARC-035-addresses-REQ-176,ARC-035,REQ-176,addresses,explanation/architecture.adoc,false
ARC-035-addresses-REQ-177,ARC-035,REQ-177,addresses,explanation/architecture.adoc,false
ARC-035-addresses-REQ-178,ARC-035,REQ-178,addresses,explanation/architecture.adoc,false
ARC-039-addresses-REQ-201,ARC-039,REQ-201,addresses,explanation/architecture.adoc,false
ARC-039-addresses-REQ-202,ARC-039,REQ-202,addresses,explanation/architecture.adoc,false
ARC-039-addresses-REQ-203,ARC-039,REQ-203,addresses,explanation/architecture.adoc,false
ARC-039-addresses-REQ-204,ARC-039,REQ-204,addresses,explanation/architecture.adoc,false
ARC-039-addresses-REQ-205,ARC-039,REQ-205,addresses,explanation/architecture.adoc,false
ARC-039-addresses-REQ-206,ARC-039,REQ-206,addresses,explanation/architecture.adoc,false
ARC-039-addresses-REQ-207,ARC-039,REQ-207,addresses,explanation/architecture.adoc,false
ARC-039-addresses-REQ-208,ARC-039,REQ-208,addresses,explanation/architecture.adoc,false
ARC-039-addresses-REQ-209,ARC-039,REQ-209,addresses,explanation/architecture.adoc,false
ARC-039-addresses-REQ-210,ARC-039,REQ-210,addresses,explanation/architecture.adoc,false
ARC-039-addresses-REQ-211,ARC-039,REQ-211,addresses,explanation/architecture.adoc,false
ARC-040-addresses-REQ-212,ARC-040,REQ-212,addresses,explanation/architecture.adoc,false
ARC-040-addresses-REQ-213,ARC-040,REQ-213,addresses,explanation/architecture.adoc,false
ARC-040-addresses-REQ-214,ARC-040,REQ-214,addresses,explanation/architecture.adoc,false
ARC-040-addresses-REQ-225,ARC-040,REQ-225,addresses,explanation/architecture.adoc,false
ARC-040-addresses-REQ-226,ARC-040,REQ-226,addresses,explanation/architecture.adoc,false
ARC-040-addresses-REQ-216,ARC-040,REQ-216,addresses,explanation/architecture.adoc,false
ARC-040-addresses-REQ-217,ARC-040,REQ-217,addresses,explanation/architecture.adoc,false
ARC-041-addresses-REQ-227,ARC-041,REQ-227,addresses,explanation/architecture.adoc,false
ARC-041-addresses-REQ-228,ARC-041,REQ-228,addresses,explanation/architecture.adoc,false
ARC-041-addresses-REQ-234,ARC-041,REQ-234,addresses,explanation/architecture.adoc,false
ARC-016-addresses-REQ-249,ARC-016,REQ-249,addresses,explanation/architecture.adoc,false
ARC-016-addresses-QA-055,ARC-016,QA-055,addresses,explanation/architecture.adoc,false
ARC-042-addresses-REQ-229,ARC-042,REQ-229,addresses,explanation/architecture.adoc,false
ARC-042-addresses-REQ-230,ARC-042,REQ-230,addresses,explanation/architecture.adoc,false
ARC-042-addresses-REQ-231,ARC-042,REQ-231,addresses,explanation/architecture.adoc,false
ARC-042-addresses-REQ-232,ARC-042,REQ-232,addresses,explanation/architecture.adoc,false
ARC-043-addresses-REQ-233,ARC-043,REQ-233,addresses,explanation/architecture.adoc,false
ARC-045-addresses-REQ-239,ARC-045,REQ-239,addresses,explanation/architecture.adoc,false
ARC-024-addresses-REQ-044,ARC-024,REQ-044,addresses,explanation/architecture.adoc,false
ARC-024-addresses-REQ-045,ARC-024,REQ-045,addresses,explanation/architecture.adoc,false
ARC-024-addresses-REQ-047,ARC-024,REQ-047,addresses,explanation/architecture.adoc,false
ARC-024-addresses-REQ-048,ARC-024,REQ-048,addresses,explanation/architecture.adoc,false
ARC-024-addresses-REQ-055,ARC-024,REQ-055,addresses,explanation/architecture.adoc,false
ARC-024-addresses-REQ-064,ARC-024,REQ-064,addresses,explanation/architecture.adoc,false
ARC-024-addresses-REQ-065,ARC-024,REQ-065,addresses,explanation/architecture.adoc,false
ARC-024-addresses-REQ-066,ARC-024,REQ-066,addresses,explanation/architecture.adoc,false
ARC-024-addresses-REQ-067,ARC-024,REQ-067,addresses,explanation/architecture.adoc,false
ARC-024-addresses-REQ-070,ARC-024,REQ-070,addresses,explanation/architecture.adoc,false
ARC-024-addresses-REQ-100,ARC-024,REQ-100,addresses,explanation/architecture.adoc,false
ARC-024-addresses-REQ-102,ARC-024,REQ-102,addresses,explanation/architecture.adoc,false
ARC-024-addresses-REQ-104,ARC-024,REQ-104,addresses,explanation/architecture.adoc,false
ARC-024-addresses-QA-060,ARC-024,QA-060,addresses,explanation/architecture.adoc,false
ARC-037-addresses-REQ-161,ARC-037,REQ-161,addresses,explanation/architecture.adoc,false
ARC-037-addresses-REQ-162,ARC-037,REQ-162,addresses,explanation/architecture.adoc,false
ARC-025-addresses-REQ-051,ARC-025,REQ-051,addresses,explanation/architecture.adoc,false
ARC-025-addresses-REQ-052,ARC-025,REQ-052,addresses,explanation/architecture.adoc,false
ARC-025-addresses-REQ-063,ARC-025,REQ-063,addresses,explanation/architecture.adoc,false
ARC-025-addresses-REQ-159,ARC-025,REQ-159,addresses,explanation/architecture.adoc,false
ARC-027-addresses-REQ-108,ARC-027,REQ-108,addresses,explanation/architecture.adoc,false
ARC-017-addresses-REQ-087,ARC-017,REQ-087,addresses,explanation/architecture.adoc,false
ARC-017-addresses-REQ-088,ARC-017,REQ-088,addresses,explanation/architecture.adoc,false
ARC-017-addresses-REQ-090,ARC-017,REQ-090,addresses,explanation/architecture.adoc,false
ARC-017-addresses-REQ-091,ARC-017,REQ-091,addresses,explanation/architecture.adoc,false
ARC-017-addresses-REQ-092,ARC-017,REQ-092,addresses,explanation/architecture.adoc,false
ARC-019-addresses-REQ-083,ARC-019,REQ-083,addresses,explanation/architecture.adoc,false
ARC-019-addresses-REQ-084,ARC-019,REQ-084,addresses,explanation/architecture.adoc,false
ARC-019-addresses-REQ-085,ARC-019,REQ-085,addresses,explanation/architecture.adoc,false
ARC-019-addresses-REQ-086,ARC-019,REQ-086,addresses,explanation/architecture.adoc,false
ARC-038-addresses-REQ-167,ARC-038,REQ-167,addresses,explanation/architecture.adoc,false
ARC-038-addresses-REQ-168,ARC-038,REQ-168,addresses,explanation/architecture.adoc,false
ARC-038-addresses-REQ-169,ARC-038,REQ-169,addresses,explanation/architecture.adoc,false
ARC-021-addresses-REQ-037,ARC-021,REQ-037,addresses,explanation/architecture.adoc,false
ARC-021-addresses-REQ-038,ARC-021,REQ-038,addresses,explanation/architecture.adoc,false
ARC-021-addresses-REQ-039,ARC-021,REQ-039,addresses,explanation/architecture.adoc,false
ARC-021-addresses-REQ-250,ARC-021,REQ-250,addresses,explanation/architecture.adoc,false
ARC-021-addresses-REQ-041,ARC-021,REQ-041,addresses,explanation/architecture.adoc,false
ARC-021-addresses-REQ-042,ARC-021,REQ-042,addresses,explanation/architecture.adoc,false
ARC-021-addresses-REQ-043,ARC-021,REQ-043,addresses,explanation/architecture.adoc,false
ARC-021-addresses-REQ-128,ARC-021,REQ-128,addresses,explanation/architecture.adoc,false
ARC-023-addresses-REQ-056,ARC-023,REQ-056,addresses,explanation/architecture.adoc,false
ARC-044-addresses-REQ-235,ARC-044,REQ-235,addresses,explanation/architecture.adoc,false
ARC-044-addresses-REQ-236,ARC-044,REQ-236,addresses,explanation/architecture.adoc,false
ARC-044-addresses-REQ-237,ARC-044,REQ-237,addresses,explanation/architecture.adoc,false
ARC-044-addresses-REQ-238,ARC-044,REQ-238,addresses,explanation/architecture.adoc,false
ARC-030-addresses-REQ-060,ARC-030,REQ-060,addresses,explanation/architecture.adoc,false
ARC-030-addresses-REQ-061,ARC-030,REQ-061,addresses,explanation/architecture.adoc,false
ARC-030-addresses-REQ-062,ARC-030,REQ-062,addresses,explanation/architecture.adoc,false
ARC-030-addresses-REQ-093,ARC-030,REQ-093,addresses,explanation/architecture.adoc,false
ARC-030-addresses-REQ-094,ARC-030,REQ-094,addresses,explanation/architecture.adoc,false
ARC-030-addresses-REQ-095,ARC-030,REQ-095,addresses,explanation/architecture.adoc,false
ARC-030-addresses-REQ-096,ARC-030,REQ-096,addresses,explanation/architecture.adoc,false
ARC-030-addresses-REQ-097,ARC-030,REQ-097,addresses,explanation/architecture.adoc,false
ARC-030-addresses-REQ-098,ARC-030,REQ-098,addresses,explanation/architecture.adoc,false
ARC-030-addresses-REQ-099,ARC-030,REQ-099,addresses,explanation/architecture.adoc,false
ARC-031-addresses-REQ-072,ARC-031,REQ-072,addresses,explanation/architecture.adoc,false
ARC-031-addresses-REQ-073,ARC-031,REQ-073,addresses,explanation/architecture.adoc,false
ARC-031-addresses-REQ-074,ARC-031,REQ-074,addresses,explanation/architecture.adoc,false
ARC-031-addresses-REQ-075,ARC-031,REQ-075,addresses,explanation/architecture.adoc,false
ARC-031-addresses-REQ-076,ARC-031,REQ-076,addresses,explanation/architecture.adoc,false
ARC-031-addresses-REQ-077,ARC-031,REQ-077,addresses,explanation/architecture.adoc,false
ARC-031-addresses-REQ-078,ARC-031,REQ-078,addresses,explanation/architecture.adoc,false
ARC-032-addresses-REQ-079,ARC-032,REQ-079,addresses,explanation/architecture.adoc,false
ARC-032-addresses-REQ-080,ARC-032,REQ-080,addresses,explanation/architecture.adoc,false
ARC-032-addresses-REQ-081,ARC-032,REQ-081,addresses,explanation/architecture.adoc,false
ARC-032-addresses-REQ-082,ARC-032,REQ-082,addresses,explanation/architecture.adoc,false
ARC-033-addresses-REQ-054,ARC-033,REQ-054,addresses,explanation/architecture.adoc,false
ARC-033-addresses-REQ-105,ARC-033,REQ-105,addresses,explanation/architecture.adoc,false
ARC-033-addresses-REQ-106,ARC-033,REQ-106,addresses,explanation/architecture.adoc,false
ARC-033-addresses-REQ-107,ARC-033,REQ-107,addresses,explanation/architecture.adoc,false
ARC-034-addresses-REQ-151,ARC-034,REQ-151,addresses,explanation/architecture.adoc,false
ARC-034-addresses-REQ-152,ARC-034,REQ-152,addresses,explanation/architecture.adoc,false
ARC-034-addresses-REQ-153,ARC-034,REQ-153,addresses,explanation/architecture.adoc,false
ARC-034-addresses-REQ-154,ARC-034,REQ-154,addresses,explanation/architecture.adoc,false
ARC-034-addresses-REQ-155,ARC-034,REQ-155,addresses,explanation/architecture.adoc,false
ARC-034-addresses-REQ-156,ARC-034,REQ-156,addresses,explanation/architecture.adoc,false
ARC-034-addresses-REQ-157,ARC-034,REQ-157,addresses,explanation/architecture.adoc,false
ARC-034-addresses-REQ-158,ARC-034,REQ-158,addresses,explanation/architecture.adoc,false
ARC-013-addresses-QA-055,ARC-013,QA-055,addresses,explanation/architecture.adoc,false
ARC-014-addresses-QA-059,ARC-014,QA-059,addresses,explanation/architecture.adoc,false
TST-001-verifies-REQ-087,TST-001,REQ-087,verifies,self-traceability/test-plan.adoc,false
TST-001-verifies-REQ-088,TST-001,REQ-088,verifies,self-traceability/test-plan.adoc,false
TST-001-verifies-REQ-090,TST-001,REQ-090,verifies,self-traceability/test-plan.adoc,false
TST-001-verifies-REQ-091,TST-001,REQ-091,verifies,self-traceability/test-plan.adoc,false
TST-001-verifies-REQ-092,TST-001,REQ-092,verifies,self-traceability/test-plan.adoc,false
TST-002-verifies-REQ-250,TST-002,REQ-250,verifies,self-traceability/test-plan.adoc,false
TST-002-verifies-REQ-041,TST-002,REQ-041,verifies,self-traceability/test-plan.adoc,false
TST-002-verifies-REQ-044,TST-002,REQ-044,verifies,self-traceability/test-plan.adoc,false
TST-002-verifies-REQ-045,TST-002,REQ-045,verifies,self-traceability/test-plan.adoc,false
TST-002-verifies-REQ-047,TST-002,REQ-047,verifies,self-traceability/test-plan.adoc,false
TST-002-verifies-REQ-048,TST-002,REQ-048,verifies,self-traceability/test-plan.adoc,false
TST-002-verifies-REQ-051,TST-002,REQ-051,verifies,self-traceability/test-plan.adoc,false
TST-002-verifies-REQ-052,TST-002,REQ-052,verifies,self-traceability/test-plan.adoc,false
TST-002-verifies-REQ-159,TST-002,REQ-159,verifies,self-traceability/test-plan.adoc,false
TST-002-verifies-REQ-055,TST-002,REQ-055,verifies,self-traceability/test-plan.adoc,false
TST-002-verifies-REQ-063,TST-002,REQ-063,verifies,self-traceability/test-plan.adoc,false
TST-002-verifies-REQ-142,TST-002,REQ-142,verifies,self-traceability/test-plan.adoc,false
TST-002-verifies-REQ-143,TST-002,REQ-143,verifies,self-traceability/test-plan.adoc,false
TST-002-verifies-REQ-064,TST-002,REQ-064,verifies,self-traceability/test-plan.adoc,false
TST-002-verifies-REQ-065,TST-002,REQ-065,verifies,self-traceability/test-plan.adoc,false
TST-002-verifies-REQ-066,TST-002,REQ-066,verifies,self-traceability/test-plan.adoc,false
TST-002-verifies-REQ-067,TST-002,REQ-067,verifies,self-traceability/test-plan.adoc,false
TST-002-verifies-REQ-070,TST-002,REQ-070,verifies,self-traceability/test-plan.adoc,false
TST-002-verifies-REQ-221,TST-002,REQ-221,verifies,self-traceability/test-plan.adoc,false
TST-002-verifies-REQ-222,TST-002,REQ-222,verifies,self-traceability/test-plan.adoc,false
TST-002-verifies-REQ-161,TST-002,REQ-161,verifies,self-traceability/test-plan.adoc,false
TST-002-verifies-REQ-162,TST-002,REQ-162,verifies,self-traceability/test-plan.adoc,false
TST-002-verifies-REQ-100,TST-002,REQ-100,verifies,self-traceability/test-plan.adoc,false
TST-002-verifies-REQ-102,TST-002,REQ-102,verifies,self-traceability/test-plan.adoc,false
TST-002-verifies-REQ-249,TST-002,REQ-249,verifies,self-traceability/test-plan.adoc,false
TST-002-verifies-REQ-104,TST-002,REQ-104,verifies,self-traceability/test-plan.adoc,false
TST-002-verifies-REQ-108,TST-002,REQ-108,verifies,self-traceability/test-plan.adoc,false
TST-002-verifies-REQ-110,TST-002,REQ-110,verifies,self-traceability/test-plan.adoc,false
TST-002-verifies-REQ-116,TST-002,REQ-116,verifies,self-traceability/test-plan.adoc,false
TST-002-verifies-REQ-117,TST-002,REQ-117,verifies,self-traceability/test-plan.adoc,false
TST-002-verifies-REQ-119,TST-002,REQ-119,verifies,self-traceability/test-plan.adoc,false
TST-002-verifies-REQ-144,TST-002,REQ-144,verifies,self-traceability/test-plan.adoc,false
TST-002-verifies-REQ-145,TST-002,REQ-145,verifies,self-traceability/test-plan.adoc,false
TST-002-verifies-REQ-146,TST-002,REQ-146,verifies,self-traceability/test-plan.adoc,false
TST-002-verifies-QA-058,TST-002,QA-058,verifies,self-traceability/test-plan.adoc,false
TST-002-verifies-QA-060,TST-002,QA-060,verifies,self-traceability/test-plan.adoc,false
TST-002-verifies-REQ-163,TST-002,REQ-163,verifies,self-traceability/test-plan.adoc,false
TST-002-verifies-REQ-164,TST-002,REQ-164,verifies,self-traceability/test-plan.adoc,false
TST-002-verifies-REQ-165,TST-002,REQ-165,verifies,self-traceability/test-plan.adoc,false
TST-002-verifies-REQ-166,TST-002,REQ-166,verifies,self-traceability/test-plan.adoc,false
TST-002-verifies-REQ-244,TST-002,REQ-244,verifies,self-traceability/test-plan.adoc,false
TST-003-verifies-REQ-056,TST-003,REQ-056,verifies,self-traceability/test-plan.adoc,false
TST-003-verifies-REQ-150,TST-003,REQ-150,verifies,self-traceability/test-plan.adoc,false
TST-004-verifies-REQ-083,TST-004,REQ-083,verifies,self-traceability/test-plan.adoc,false
TST-004-verifies-REQ-084,TST-004,REQ-084,verifies,self-traceability/test-plan.adoc,false
TST-004-verifies-REQ-085,TST-004,REQ-085,verifies,self-traceability/test-plan.adoc,false
TST-004-verifies-REQ-086,TST-004,REQ-086,verifies,self-traceability/test-plan.adoc,false
TST-004-verifies-REQ-170,TST-004,REQ-170,verifies,self-traceability/test-plan.adoc,false
TST-004-verifies-REQ-171,TST-004,REQ-171,verifies,self-traceability/test-plan.adoc,false
TST-004-verifies-REQ-172,TST-004,REQ-172,verifies,self-traceability/test-plan.adoc,false
TST-004-verifies-REQ-173,TST-004,REQ-173,verifies,self-traceability/test-plan.adoc,false
TST-004-verifies-REQ-223,TST-004,REQ-223,verifies,self-traceability/test-plan.adoc,false
TST-004-verifies-REQ-224,TST-004,REQ-224,verifies,self-traceability/test-plan.adoc,false
TST-004-verifies-REQ-175,TST-004,REQ-175,verifies,self-traceability/test-plan.adoc,false
TST-004-verifies-REQ-177,TST-004,REQ-177,verifies,self-traceability/test-plan.adoc,false
TST-005-verifies-REQ-053,TST-005,REQ-053,verifies,self-traceability/test-plan.adoc,false
TST-005-verifies-REQ-160,TST-005,REQ-160,verifies,self-traceability/test-plan.adoc,false
TST-005-verifies-REQ-109,TST-005,REQ-109,verifies,self-traceability/test-plan.adoc,false
TST-005-verifies-REQ-219,TST-005,REQ-219,verifies,self-traceability/test-plan.adoc,false
TST-005-verifies-REQ-220,TST-005,REQ-220,verifies,self-traceability/test-plan.adoc,false
TST-005-verifies-REQ-176,TST-005,REQ-176,verifies,self-traceability/test-plan.adoc,false
TST-006-verifies-REQ-037,TST-006,REQ-037,verifies,self-traceability/test-plan.adoc,false
TST-006-verifies-REQ-038,TST-006,REQ-038,verifies,self-traceability/test-plan.adoc,false
TST-006-verifies-REQ-039,TST-006,REQ-039,verifies,self-traceability/test-plan.adoc,false
TST-006-verifies-REQ-042,TST-006,REQ-042,verifies,self-traceability/test-plan.adoc,false
TST-006-verifies-REQ-043,TST-006,REQ-043,verifies,self-traceability/test-plan.adoc,false
TST-006-verifies-REQ-105,TST-006,REQ-105,verifies,self-traceability/test-plan.adoc,false
TST-006-verifies-REQ-128,TST-006,REQ-128,verifies,self-traceability/test-plan.adoc,false
TST-006-verifies-REQ-130,TST-006,REQ-130,verifies,self-traceability/test-plan.adoc,false
TST-006-verifies-REQ-167,TST-006,REQ-167,verifies,self-traceability/test-plan.adoc,false
TST-006-verifies-REQ-168,TST-006,REQ-168,verifies,self-traceability/test-plan.adoc,false
TST-006-verifies-REQ-169,TST-006,REQ-169,verifies,self-traceability/test-plan.adoc,false
TST-006-verifies-REQ-178,TST-006,REQ-178,verifies,self-traceability/test-plan.adoc,false
TST-006-verifies-REQ-113,TST-006,REQ-113,verifies,self-traceability/test-plan.adoc,false
TST-006-verifies-REQ-114,TST-006,REQ-114,verifies,self-traceability/test-plan.adoc,false
TST-006-verifies-REQ-115,TST-006,REQ-115,verifies,self-traceability/test-plan.adoc,false
TST-009-verifies-REQ-136,TST-009,REQ-136,verifies,self-traceability/test-plan.adoc,false
TST-009-verifies-REQ-137,TST-009,REQ-137,verifies,self-traceability/test-plan.adoc,false
TST-009-verifies-REQ-138,TST-009,REQ-138,verifies,self-traceability/test-plan.adoc,false
TST-009-verifies-REQ-139,TST-009,REQ-139,verifies,self-traceability/test-plan.adoc,false
TST-009-verifies-REQ-140,TST-009,REQ-140,verifies,self-traceability/test-plan.adoc,false
TST-009-verifies-REQ-141,TST-009,REQ-141,verifies,self-traceability/test-plan.adoc,false
TST-009-verifies-REQ-227,TST-009,REQ-227,verifies,self-traceability/test-plan.adoc,false
TST-010-verifies-REQ-151,TST-010,REQ-151,verifies,self-traceability/test-plan.adoc,false
TST-010-verifies-REQ-152,TST-010,REQ-152,verifies,self-traceability/test-plan.adoc,false
TST-010-verifies-REQ-154,TST-010,REQ-154,verifies,self-traceability/test-plan.adoc,false
TST-010-verifies-REQ-155,TST-010,REQ-155,verifies,self-traceability/test-plan.adoc,false
TST-010-verifies-REQ-156,TST-010,REQ-156,verifies,self-traceability/test-plan.adoc,false
TST-010-verifies-REQ-153,TST-010,REQ-153,verifies,self-traceability/test-plan.adoc,false
TST-011-verifies-REQ-201,TST-011,REQ-201,verifies,self-traceability/test-plan.adoc,false
TST-011-verifies-REQ-202,TST-011,REQ-202,verifies,self-traceability/test-plan.adoc,false
TST-011-verifies-REQ-203,TST-011,REQ-203,verifies,self-traceability/test-plan.adoc,false
TST-011-verifies-REQ-204,TST-011,REQ-204,verifies,self-traceability/test-plan.adoc,false
TST-011-verifies-REQ-205,TST-011,REQ-205,verifies,self-traceability/test-plan.adoc,false
TST-011-verifies-REQ-206,TST-011,REQ-206,verifies,self-traceability/test-plan.adoc,false
TST-011-verifies-REQ-207,TST-011,REQ-207,verifies,self-traceability/test-plan.adoc,false
TST-011-verifies-REQ-211,TST-011,REQ-211,verifies,self-traceability/test-plan.adoc,false
TST-011-verifies-REQ-228,TST-011,REQ-228,verifies,self-traceability/test-plan.adoc,false
TST-011-verifies-REQ-234,TST-011,REQ-234,verifies,self-traceability/test-plan.adoc,false
TST-012-verifies-REQ-212,TST-012,REQ-212,verifies,self-traceability/test-plan.adoc,false
TST-012-verifies-REQ-213,TST-012,REQ-213,verifies,self-traceability/test-plan.adoc,false
TST-012-verifies-REQ-214,TST-012,REQ-214,verifies,self-traceability/test-plan.adoc,false
TST-012-verifies-REQ-225,TST-012,REQ-225,verifies,self-traceability/test-plan.adoc,false
TST-012-verifies-REQ-226,TST-012,REQ-226,verifies,self-traceability/test-plan.adoc,false
TST-012-verifies-REQ-216,TST-012,REQ-216,verifies,self-traceability/test-plan.adoc,false
TST-013-verifies-REQ-235,TST-013,REQ-235,verifies,self-traceability/test-plan.adoc,false
TST-013-verifies-REQ-236,TST-013,REQ-236,verifies,self-traceability/test-plan.adoc,false
TST-013-verifies-REQ-237,TST-013,REQ-237,verifies,self-traceability/test-plan.adoc,false
TST-013-verifies-REQ-238,TST-013,REQ-238,verifies,self-traceability/test-plan.adoc,false
TST-014-verifies-REQ-229,TST-014,REQ-229,verifies,self-traceability/test-plan.adoc,false
TST-014-verifies-REQ-230,TST-014,REQ-230,verifies,self-traceability/test-plan.adoc,false
TST-014-verifies-REQ-231,TST-014,REQ-231,verifies,self-traceability/test-plan.adoc,false
TST-014-verifies-REQ-232,TST-014,REQ-232,verifies,self-traceability/test-plan.adoc,false
TST-014-verifies-REQ-233,TST-014,REQ-233,verifies,self-traceability/test-plan.adoc,false
TST-014-verifies-REQ-239,TST-014,REQ-239,verifies,self-traceability/test-plan.adoc,false
TST-015-verifies-REQ-200,TST-015,REQ-200,verifies,self-traceability/test-plan.adoc,false
TST-016-verifies-REQ-245,TST-016,REQ-245,verifies,self-traceability/test-plan.adoc,false
TST-016-verifies-REQ-246,TST-016,REQ-246,verifies,self-traceability/test-plan.adoc,false
TST-016-verifies-REQ-247,TST-016,REQ-247,verifies,self-traceability/test-plan.adoc,false
TST-016-verifies-REQ-248,TST-016,REQ-248,verifies,self-traceability/test-plan.adoc,false
PRQ-001-considered_by-ARC-031,PRQ-001,ARC-031,considered_by,self-traceability/delivery-process.adoc,false
PRQ-002-validates-REQ-087,PRQ-002,REQ-087,validates,self-traceability/delivery-process.adoc,false
PRQ-002-validates-REQ-088,PRQ-002,REQ-088,validates,self-traceability/delivery-process.adoc,false
PRQ-002-considered_by-ARC-031,PRQ-002,ARC-031,considered_by,self-traceability/delivery-process.adoc,false
PRQ-003-considered_by-ARC-031,PRQ-003,ARC-031,considered_by,self-traceability/delivery-process.adoc,false
PRQ-004-validates-REQ-072,PRQ-004,REQ-072,validates,self-traceability/delivery-process.adoc,false
PRQ-004-considered_by-ARC-033,PRQ-004,ARC-033,considered_by,self-traceability/delivery-process.adoc,false
PRQ-005-considered_by-ARC-031,PRQ-005,ARC-031,considered_by,self-traceability/delivery-process.adoc,false
PRQ-006-validates-REQ-060,PRQ-006,REQ-060,validates,self-traceability/delivery-process.adoc,false
PRQ-006-validates-REQ-093,PRQ-006,REQ-093,validates,self-traceability/delivery-process.adoc,false
PRQ-006-considered_by-ARC-031,PRQ-006,ARC-031,considered_by,self-traceability/delivery-process.adoc,false