Row ID,Row Title,architecture,test
REQ-001,Item REQ-001,,
REQ-002,Item REQ-002,,
REQ-003,Item REQ-003,,
REQ-004,Item REQ-004,,
REQ-005,Item REQ-005,,
REQ-006,Item REQ-006,,
REQ-007,Item REQ-007,,
REQ-008,Item REQ-008,,
REQ-009,Item REQ-009,,
REQ-010,Item REQ-010,,
REQ-011,Item REQ-011,,
REQ-012,Item REQ-012,,
REQ-013,Item REQ-013,,
REQ-014,Item REQ-014,,
REQ-015,Item REQ-015,,
REQ-016,Item REQ-016,,
REQ-017,Item REQ-017,,
REQ-018,Item REQ-018,,
REQ-019,Item REQ-019,,
REQ-020,Item REQ-020,,
REQ-021,Item REQ-021,,
REQ-022,Item REQ-022,,
REQ-023,Item REQ-023,,
REQ-024,Item REQ-024,,
REQ-025,Item REQ-025,,
REQ-026,Item REQ-026,,
REQ-027,Item REQ-027,,
REQ-028,Item REQ-028,,
REQ-029,Item REQ-029,,
REQ-030,Item REQ-030,,
REQ-031,Item REQ-031,,
REQ-032,Item REQ-032,,
REQ-033,Item REQ-033,,
REQ-034,Item REQ-034,,
REQ-035,Item REQ-035,,
REQ-036,Item REQ-036,,

Total 36 rows
Coverage: 0.0%