id,source,target,type,sourceFile
ARC-001-addresses-REQ-006,ARC-001,REQ-006,addresses,architecture.adoc
ARC-001-addresses-REQ-009,ARC-001,REQ-009,addresses,architecture.adoc
ARC-001-addresses-REQ-013,ARC-001,REQ-013,addresses,architecture.adoc
ARC-001-addresses-REQ-018,ARC-001,REQ-018,addresses,architecture.adoc
ARC-001-addresses-REQ-024,ARC-001,REQ-024,addresses,architecture.adoc
ARC-001-addresses-REQ-035,ARC-001,REQ-035,addresses,architecture.adoc
ARC-001-addresses-REQ-036,ARC-001,REQ-036,addresses,architecture.adoc
ARC-004-addresses-REQ-010,ARC-004,REQ-010,addresses,architecture.adoc
ARC-004-addresses-REQ-006,ARC-004,REQ-006,addresses,architecture.adoc
ARC-004-addresses-REQ-007,ARC-004,REQ-007,addresses,architecture.adoc
ARC-004-addresses-REQ-008,ARC-004,REQ-008,addresses,architecture.adoc
ARC-004-addresses-REQ-013,ARC-004,REQ-013,addresses,architecture.adoc
ARC-004-addresses-REQ-015,ARC-004,REQ-015,addresses,architecture.adoc
ARC-004-addresses-REQ-018,ARC-004,REQ-018,addresses,architecture.adoc
ARC-004-addresses-REQ-024,ARC-004,REQ-024,addresses,architecture.adoc
ARC-004-addresses-REQ-028,ARC-004,REQ-028,addresses,architecture.adoc
ARC-004-addresses-REQ-029,ARC-004,REQ-029,addresses,architecture.adoc
ARC-004-addresses-REQ-034,ARC-004,REQ-034,addresses,architecture.adoc
TST-001-verifies-REQ-005,TST-001,REQ-005,verifies,test-plan.adoc
TST-001-verifies-REQ-029,TST-001,REQ-029,verifies,test-plan.adoc
TST-001-verifies-REQ-030,TST-001,REQ-030,verifies,test-plan.adoc
TST-001-verifies-REQ-034,TST-001,REQ-034,verifies,test-plan.adoc
TST-002-verifies-REQ-035,TST-002,REQ-035,verifies,test-plan.adoc
TST-003-verifies-REQ-009,TST-003,REQ-009,verifies,test-plan.adoc
TST-003-verifies-REQ-010,TST-003,REQ-010,verifies,test-plan.adoc
TST-003-verifies-REQ-026,TST-003,REQ-026,verifies,test-plan.adoc
TST-003-verifies-REQ-036,TST-003,REQ-036,verifies,test-plan.adoc
TST-004-verifies-REQ-006,TST-004,REQ-006,verifies,test-plan.adoc
TST-004-verifies-REQ-007,TST-004,REQ-007,verifies,test-plan.adoc
TST-004-verifies-REQ-008,TST-004,REQ-008,verifies,test-plan.adoc
TST-004-verifies-REQ-010,TST-004,REQ-010,verifies,test-plan.adoc
TST-004-verifies-REQ-011,TST-004,REQ-011,verifies,test-plan.adoc
TST-004-verifies-REQ-012,TST-004,REQ-012,verifies,test-plan.adoc
TST-004-verifies-REQ-018,TST-004,REQ-018,verifies,test-plan.adoc
TST-004-verifies-REQ-019,TST-004,REQ-019,verifies,test-plan.adoc
TST-004-verifies-REQ-020,TST-004,REQ-020,verifies,test-plan.adoc
TST-004-verifies-REQ-021,TST-004,REQ-021,verifies,test-plan.adoc
TST-004-verifies-REQ-022,TST-004,REQ-022,verifies,test-plan.adoc
TST-004-verifies-REQ-023,TST-004,REQ-023,verifies,test-plan.adoc
TST-005-verifies-REQ-013,TST-005,REQ-013,verifies,test-plan.adoc
TST-005-verifies-REQ-014,TST-005,REQ-014,verifies,test-plan.adoc
TST-005-verifies-REQ-015,TST-005,REQ-015,verifies,test-plan.adoc
TST-005-verifies-REQ-016,TST-005,REQ-016,verifies,test-plan.adoc
TST-005-verifies-REQ-017,TST-005,REQ-017,verifies,test-plan.adoc
TST-005-verifies-REQ-031,TST-005,REQ-031,verifies,test-plan.adoc
TST-005-verifies-REQ-032,TST-005,REQ-032,verifies,test-plan.adoc
TST-005-verifies-REQ-033,TST-005,REQ-033,verifies,test-plan.adoc
TST-006-verifies-REQ-008,TST-006,REQ-008,verifies,test-plan.adoc
TST-006-verifies-REQ-029,TST-006,REQ-029,verifies,test-plan.adoc
TST-007-verifies-REQ-024,TST-007,REQ-024,verifies,test-plan.adoc
TST-007-verifies-REQ-025,TST-007,REQ-025,verifies,test-plan.adoc
TST-007-verifies-REQ-027,TST-007,REQ-027,verifies,test-plan.adoc
TST-007-verifies-REQ-028,TST-007,REQ-028,verifies,test-plan.adoc
TST-008-verifies-REQ-010,TST-008,REQ-010,verifies,test-plan.adoc